Label (Grouping),Alabama!!Total!!Estimate,Alabama!!Total!!Margin of Error,Alabama!!Median income (dollars)!!Estimate,Alabama!!Median income (dollars)!!Margin of Error,Alaska!!Total!!Estimate,Alaska!!Total!!Margin of Error,Alaska!!Median income (dollars)!!Estimate,Alaska!!Median income (dollars)!!Margin of Error,Arizona!!Total!!Estimate,Arizona!!Total!!Margin of Error,Arizona!!Median income (dollars)!!Estimate,Arizona!!Median income (dollars)!!Margin of Error,Arkansas!!Total!!Estimate,Arkansas!!Total!!Margin of Error,Arkansas!!Median income (dollars)!!Estimate,Arkansas!!Median income (dollars)!!Margin of Error,California!!Total!!Estimate,California!!Total!!Margin of Error,California!!Median income (dollars)!!Estimate,California!!Median income (dollars)!!Margin of Error,Colorado!!Total!!Estimate,Colorado!!Total!!Margin of Error,Colorado!!Median income (dollars)!!Estimate,Colorado!!Median income (dollars)!!Margin of Error,Connecticut!!Total!!Estimate,Connecticut!!Total!!Margin of Error,Connecticut!!Median income (dollars)!!Estimate,Connecticut!!Median income (dollars)!!Margin of Error,Delaware!!Total!!Estimate,Delaware!!Total!!Margin of Error,Delaware!!Median income (dollars)!!Estimate,Delaware!!Median income (dollars)!!Margin of Error,District of Columbia!!Total!!Estimate,District of Columbia!!Total!!Margin of Error,District of Columbia!!Median income (dollars)!!Estimate,District of Columbia!!Median income (dollars)!!Margin of Error,Florida!!Total!!Estimate,Florida!!Total!!Margin of Error,Florida!!Median income (dollars)!!Estimate,Florida!!Median income (dollars)!!Margin of Error,Georgia!!Total!!Estimate,Georgia!!Total!!Margin of Error,Georgia!!Median income (dollars)!!Estimate,Georgia!!Median income (dollars)!!Margin of Error,Hawaii!!Total!!Estimate,Hawaii!!Total!!Margin of Error,Hawaii!!Median income (dollars)!!Estimate,Hawaii!!Median income (dollars)!!Margin of Error,Idaho!!Total!!Estimate,Idaho!!Total!!Margin of Error,Idaho!!Median income (dollars)!!Estimate,Idaho!!Median income (dollars)!!Margin of Error,Illinois!!Total!!Estimate,Illinois!!Total!!Margin of Error,Illinois!!Median income (dollars)!!Estimate,Illinois!!Median income (dollars)!!Margin of Error,Indiana!!Total!!Estimate,Indiana!!Total!!Margin of Error,Indiana!!Median income (dollars)!!Estimate,Indiana!!Median income (dollars)!!Margin of Error,Iowa!!Total!!Estimate,Iowa!!Total!!Margin of Error,Iowa!!Median income (dollars)!!Estimate,Iowa!!Median income (dollars)!!Margin of Error,Kansas!!Total!!Estimate,Kansas!!Total!!Margin of Error,Kansas!!Median income (dollars)!!Estimate,Kansas!!Median income (dollars)!!Margin of Error,Kentucky!!Total!!Estimate,Kentucky!!Total!!Margin of Error,Kentucky!!Median income (dollars)!!Estimate,Kentucky!!Median income (dollars)!!Margin of Error,Louisiana!!Total!!Estimate,Louisiana!!Total!!Margin of Error,Louisiana!!Median income (dollars)!!Estimate,Louisiana!!Median income (dollars)!!Margin of Error,Maine!!Total!!Estimate,Maine!!Total!!Margin of Error,Maine!!Median income (dollars)!!Estimate,Maine!!Median income (dollars)!!Margin of Error,Maryland!!Total!!Estimate,Maryland!!Total!!Margin of Error,Maryland!!Median income (dollars)!!Estimate,Maryland!!Median income (dollars)!!Margin of Error,Massachusetts!!Total!!Estimate,Massachusetts!!Total!!Margin of Error,Massachusetts!!Median income (dollars)!!Estimate,Massachusetts!!Median income (dollars)!!Margin of Error,Michigan!!Total!!Estimate,Michigan!!Total!!Margin of Error,Michigan!!Median income (dollars)!!Estimate,Michigan!!Median income (dollars)!!Margin of Error,Minnesota!!Total!!Estimate,Minnesota!!Total!!Margin of Error,Minnesota!!Median income (dollars)!!Estimate,Minnesota!!Median income (dollars)!!Margin of Error,Mississippi!!Total!!Estimate,Mississippi!!Total!!Margin of Error,Mississippi!!Median income (dollars)!!Estimate,Mississippi!!Median income (dollars)!!Margin of Error,Missouri!!Total!!Estimate,Missouri!!Total!!Margin of Error,Missouri!!Median income (dollars)!!Estimate,Missouri!!Median income (dollars)!!Margin of Error,Montana!!Total!!Estimate,Montana!!Total!!Margin of Error,Montana!!Median income (dollars)!!Estimate,Montana!!Median income (dollars)!!Margin of Error,Nebraska!!Total!!Estimate,Nebraska!!Total!!Margin of Error,Nebraska!!Median income (dollars)!!Estimate,Nebraska!!Median income (dollars)!!Margin of Error,Nevada!!Total!!Estimate,Nevada!!Total!!Margin of Error,Nevada!!Median income (dollars)!!Estimate,Nevada!!Median income (dollars)!!Margin of Error,New Hampshire!!Total!!Estimate,New Hampshire!!Total!!Margin of Error,New Hampshire!!Median income (dollars)!!Estimate,New Hampshire!!Median income (dollars)!!Margin of Error,New Jersey!!Total!!Estimate,New Jersey!!Total!!Margin of Error,New Jersey!!Median income (dollars)!!Estimate,New Jersey!!Median income (dollars)!!Margin of Error,New Mexico!!Total!!Estimate,New Mexico!!Total!!Margin of Error,New Mexico!!Median income (dollars)!!Estimate,New Mexico!!Median income (dollars)!!Margin of Error,New York!!Total!!Estimate,New York!!Total!!Margin of Error,New York!!Median income (dollars)!!Estimate,New York!!Median income (dollars)!!Margin of Error,North Carolina!!Total!!Estimate,North Carolina!!Total!!Margin of Error,North Carolina!!Median income (dollars)!!Estimate,North Carolina!!Median income (dollars)!!Margin of Error,North Dakota!!Total!!Estimate,North Dakota!!Total!!Margin of Error,North Dakota!!Median income (dollars)!!Estimate,North Dakota!!Median income (dollars)!!Margin of Error,Ohio!!Total!!Estimate,Ohio!!Total!!Margin of Error,Ohio!!Median income (dollars)!!Estimate,Ohio!!Median income (dollars)!!Margin of Error,Oklahoma!!Total!!Estimate,Oklahoma!!Total!!Margin of Error,Oklahoma!!Median income (dollars)!!Estimate,Oklahoma!!Median income (dollars)!!Margin of Error,Oregon!!Total!!Estimate,Oregon!!Total!!Margin of Error,Oregon!!Median income (dollars)!!Estimate,Oregon!!Median income (dollars)!!Margin of Error,Pennsylvania!!Total!!Estimate,Pennsylvania!!Total!!Margin of Error,Pennsylvania!!Median income (dollars)!!Estimate,Pennsylvania!!Median income (dollars)!!Margin of Error,Rhode Island!!Total!!Estimate,Rhode Island!!Total!!Margin of Error,Rhode Island!!Median income (dollars)!!Estimate,Rhode Island!!Median income (dollars)!!Margin of Error,South Carolina!!Total!!Estimate,South Carolina!!Total!!Margin of Error,South Carolina!!Median income (dollars)!!Estimate,South Carolina!!Median income (dollars)!!Margin of Error,South Dakota!!Total!!Estimate,South Dakota!!Total!!Margin of Error,South Dakota!!Median income (dollars)!!Estimate,South Dakota!!Median income (dollars)!!Margin of Error,Tennessee!!Total!!Estimate,Tennessee!!Total!!Margin of Error,Tennessee!!Median income (dollars)!!Estimate,Tennessee!!Median income (dollars)!!Margin of Error,Texas!!Total!!Estimate,Texas!!Total!!Margin of Error,Texas!!Median income (dollars)!!Estimate,Texas!!Median income (dollars)!!Margin of Error,Utah!!Total!!Estimate,Utah!!Total!!Margin of Error,Utah!!Median income (dollars)!!Estimate,Utah!!Median income (dollars)!!Margin of Error,Vermont!!Total!!Estimate,Vermont!!Total!!Margin of Error,Vermont!!Median income (dollars)!!Estimate,Vermont!!Median income (dollars)!!Margin of Error,Virginia!!Total!!Estimate,Virginia!!Total!!Margin of Error,Virginia!!Median income (dollars)!!Estimate,Virginia!!Median income (dollars)!!Margin of Error,Washington!!Total!!Estimate,Washington!!Total!!Margin of Error,Washington!!Median income (dollars)!!Estimate,Washington!!Median income (dollars)!!Margin of Error,West Virginia!!Total!!Estimate,West Virginia!!Total!!Margin of Error,West Virginia!!Median income (dollars)!!Estimate,West Virginia!!Median income (dollars)!!Margin of Error,Wisconsin!!Total!!Estimate,Wisconsin!!Total!!Margin of Error,Wisconsin!!Median income (dollars)!!Estimate,Wisconsin!!Median income (dollars)!!Margin of Error,Wyoming!!Total!!Estimate,Wyoming!!Total!!Margin of Error,Wyoming!!Median income (dollars)!!Estimate,Wyoming!!Median income (dollars)!!Margin of Error,American Samoa!!Total!!Estimate,American Samoa!!Total!!Margin of Error,American Samoa!!Median income (dollars)!!Estimate,American Samoa!!Median income (dollars)!!Margin of Error,Guam!!Total!!Estimate,Guam!!Total!!Margin of Error,Guam!!Median income (dollars)!!Estimate,Guam!!Median income (dollars)!!Margin of Error,Commonwealth of the Northern Mariana Islands!!Total!!Estimate,Commonwealth of the Northern Mariana Islands!!Total!!Margin of Error,Commonwealth of the Northern Mariana Islands!!Median income (dollars)!!Estimate,Commonwealth of the Northern Mariana Islands!!Median income (dollars)!!Margin of Error,Puerto Rico!!Total!!Estimate,Puerto Rico!!Total!!Margin of Error,Puerto Rico!!Median income (dollars)!!Estimate,Puerto Rico!!Median income (dollars)!!Margin of Error,United States Virgin Islands!!Total!!Estimate,United States Virgin Islands!!Total!!Margin of Error,United States Virgin Islands!!Median income (dollars)!!Estimate,United States Virgin Islands!!Median income (dollars)!!Margin of Error
HOUSEHOLD INCOME BY RACE AND HISPANIC OR LATINO ORIGIN OF HOUSEHOLDER,,,,,,,,,,,,,,,,,,,,,,,,,,,,,,,,,,,,,,,,,,,,,,,,,,,,,,,,,,,,,,,,,,,,,,,,,,,,,,,,,,,,,,,,,,,,,,,,,,,,,,,,,,,,,,,,,,,,,,,,,,,,,,,,,,,,,,,,,,,,,,,,,,,,,,,,,,,,,,,,,,,,,,,,,,,,,,,,,,,,,,,,,,,,,,,,,,,,,,,,,,,,,,,,,,,,,,,,,,,,,,,,
Households,"1,831,269","±6,588","42,934",±243,"252,920","±1,108","69,014",±793,"2,344,215","±8,563","50,752",±212,"1,121,386","±4,189","40,149",±265,"12,433,172","±22,372","61,632",±169,"1,941,193","±5,005","57,685",±312,"1,360,115","±3,316","69,243",±409,"332,837","±1,738","59,317",±623,"260,136","±1,572","61,835",±831,"7,140,096","±26,268","47,827",±164,"3,490,754","±10,839","49,736",±264,"445,513","±2,039","67,116",±578,"575,497","±2,256","46,890",±381,"4,773,002","±11,359","56,576",±208,"2,472,870","±7,194","48,393",±212,"1,219,137","±3,658","50,451",±246,"1,104,479","±3,939","50,594",±272,"1,681,085","±5,999","42,248",±227,"1,675,097","±4,498","44,086",±263,"551,601","±2,170","47,898",±418,"2,128,377","±5,413","72,419",±371,"2,522,409","±4,911","65,981",±328,"3,825,182","±10,705","48,669",±167,"2,094,265","±5,691","58,476",±235,"1,085,062","±3,884","38,718",±372,"2,354,104","±6,302","47,202",±185,"403,495","±1,965","45,324",±418,"715,703","±2,227","50,695",±319,"986,741","±4,363","55,553",±449,"514,869","±1,627","64,664",±516,"3,180,854","±6,154","71,180",±323,"762,002","±2,771","44,631",±391,"7,215,687","±12,387","56,951",±190,"3,664,119","±10,139","46,291",±203,"278,669","±1,413","49,415",±595,"4,554,007","±11,819","48,071",±185,"1,432,735","±4,527","44,287",±217,"1,509,554","±3,623","49,850",±311,"4,952,566","±9,681","51,651",±148,"410,475","±1,906","55,975",±548,"1,758,732","±6,067","44,587",±264,"318,466","±1,681","48,010",±512,"2,457,997","±7,240","43,989",±207,"8,667,807","±18,866","50,920",±133,"871,358","±2,763","57,783",±371,"256,711","±1,178","53,422",±468,"2,991,025","±8,371","63,302",±265,"2,602,568","±6,193","58,890",±240,"740,080","±2,924","39,550",±356,"2,279,738","±9,509","52,374",±177,"219,628","±1,260","56,380",±724,,,,,,,,,,,,,"1,230,093","±3,882","19,122",±139,,,,
One race--,,,,,,,,,,,,,,,,,,,,,,,,,,,,,,,,,,,,,,,,,,,,,,,,,,,,,,,,,,,,,,,,,,,,,,,,,,,,,,,,,,,,,,,,,,,,,,,,,,,,,,,,,,,,,,,,,,,,,,,,,,,,,,,,,,,,,,,,,,,,,,,,,,,,,,,,,,,,,,,,,,,,,,,,,,,,,,,,,,,,,,,,,,,,,,,,,,,,,,,,,,,,,,,,,,,,,,,,,,,,,,,,
    White,72.00%,±0.1,"49,284",±335,75.50%,±0.4,"75,201",±952,83.50%,±0.1,"52,566",±230,81.00%,±0.2,"43,377",±333,67.50%,±0.1,"64,530",±188,87.10%,±0.1,"60,200",±318,82.20%,±0.1,"74,618",±393,74.80%,±0.3,"63,907",±704,43.10%,±0.4,"102,084","±1,898",80.90%,±0.1,"50,554",±161,64.20%,±0.1,"56,968",±326,33.50%,±0.3,"67,737","±1,324",94.30%,±0.2,"47,514",±477,76.30%,±0.1,"61,313",±225,87.20%,±0.1,"50,839",±200,94.10%,±0.1,"51,410",±263,88.10%,±0.1,"52,278",±273,89.80%,±0.1,"43,679",±271,66.70%,±0.1,"53,251",±320,96.90%,±0.1,"48,434",±404,62.90%,±0.1,"79,945",±441,84.60%,±0.1,"69,755",±376,82.00%,±0.1,"51,807",±164,90.10%,±0.1,"60,671",±240,63.50%,±0.2,"48,227",±491,85.20%,±0.1,"49,810",±199,92.90%,±0.2,"46,430",±430,90.90%,±0.2,"52,287",±323,77.50%,±0.2,"57,377",±565,95.80%,±0.2,"64,801",±510,73.50%,±0.1,"76,558",±335,77.00%,±0.2,"47,091",±432,70.80%,±0.1,"63,405",±231,73.00%,±0.1,"51,792",±262,93.10%,±0.2,"51,137",±495,84.80%,±0.1,"51,306",±174,78.40%,±0.1,"47,210",±272,89.30%,±0.1,"50,703",±277,85.60%,±0.1,"54,438",±162,86.10%,±0.3,"59,975",±708,70.40%,±0.1,"51,906",±302,91.10%,±0.2,"50,242",±492,81.30%,±0.1,"46,782",±226,75.40%,±0.1,"54,418",±177,91.70%,±0.1,"59,052",±389,96.90%,±0.2,"53,763",±474,73.50%,±0.1,"68,367",±345,83.70%,±0.1,"60,563",±246,95.20%,±0.1,"40,024",±331,90.30%,±0.1,"54,497",±169,93.70%,±0.3,"57,466",±811,,,,,,,,,,,,,71.80%,±0.3,"19,529",±177,,,,
    Black or African American,24.90%,±0.1,"28,156",±349,3.30%,±0.2,"59,119","±4,610",3.80%,±0.1,"40,540","±1,249",14.60%,±0.1,"25,681",±419,6.60%,±0.1,"44,471",±484,3.80%,±0.1,"39,797","±1,556",9.00%,±0.1,"43,886","±1,424",19.40%,±0.3,"43,680","±1,159",48.70%,±0.4,"39,421","±1,187",13.40%,±0.1,"35,334",±298,29.50%,±0.1,"36,862",±290,1.80%,±0.1,"57,832","±4,821",0.40%,±0.1,"33,411","±5,843",13.90%,±0.1,"35,092",±324,8.60%,±0.1,"30,898",±433,2.40%,±0.1,"26,151","±1,149",5.50%,±0.1,"32,297",±949,7.60%,±0.1,"28,927",±812,29.50%,±0.1,"27,740",±416,0.70%,±0.1,"28,281","±4,613",28.60%,±0.1,"57,309",±494,5.90%,±0.1,"42,265",±923,13.30%,±0.1,"30,796",±302,4.30%,±0.1,"28,881",±800,34.20%,±0.2,"25,455",±361,11.00%,±0.1,"31,593",±475,0.30%,±0.1,"27,477","±10,559",4.10%,±0.1,"27,449","±1,313",8.10%,±0.1,"41,249","±1,386",0.80%,±0.1,"47,708","±7,129",13.10%,±0.1,"47,455",±696,1.90%,±0.1,"39,386","±3,518",14.70%,±0.1,"41,207",±346,20.80%,±0.1,"32,529",±314,1.00%,±0.1,"26,743","±5,226",11.90%,±0.1,"28,802",±324,7.00%,±0.1,"29,465",±817,1.60%,±0.1,"32,735","±2,453",9.80%,±0.1,"32,621",±428,5.10%,±0.2,"36,853","±3,465",26.30%,±0.1,"29,486",±373,0.90%,±0.1,"31,114","±4,560",15.40%,±0.1,"31,945",±419,12.10%,±0.1,"37,419",±299,0.90%,±0.1,"36,444","±5,011",0.50%,±0.1,"42,167","±4,135",18.60%,±0.1,"43,597",±537,3.40%,±0.1,"40,418",±970,2.80%,±0.1,"27,192","±2,224",5.30%,±0.1,"27,647",±682,0.60%,±0.1,"31,848","±7,139",,,,,,,,,,,,,8.00%,±0.1,"18,425",±571,,,,
    American Indian and Alaska Native,0.50%,±0.1,"37,622","±3,128",11.30%,±0.3,"44,315","±1,444",3.20%,±0.1,"32,224",±974,0.60%,±0.1,"40,355","±3,090",0.80%,±0.1,"45,607","±1,141",0.90%,±0.1,"36,882","±2,882",0.20%,±0.1,"50,029","±8,456",0.30%,±0.1,"38,750","±17,575",0.30%,±0.1,"59,973","±17,906",0.30%,±0.1,"40,370","±2,082",0.20%,±0.1,"42,434","±4,270",0.30%,±0.1,"48,093","±10,865",1.10%,±0.1,"37,671","±4,677",0.20%,±0.1,"46,503","±3,180",0.20%,±0.1,"37,517","±2,955",0.30%,±0.1,"32,906","±5,071",0.80%,±0.1,"39,006","±2,896",0.20%,±0.1,"30,319","±3,580",0.60%,±0.1,"37,715","±4,280",0.50%,±0.1,"26,200","±5,920",0.30%,±0.1,"54,645","±5,095",0.20%,±0.1,"34,007","±4,509",0.50%,±0.1,"37,228","±1,690",0.90%,±0.1,"30,313","±1,622",0.40%,±0.1,"37,569","±4,481",0.40%,±0.1,"36,135","±3,464",4.50%,±0.1,"30,521","±1,706",0.70%,±0.1,"26,216","±4,550",1.10%,±0.1,"46,034","±3,456",0.20%,±0.1,"50,625","±23,658",0.20%,±0.1,"42,936","±4,081",6.60%,±0.1,"33,835","±1,400",0.30%,±0.1,"37,267","±2,191",1.00%,±0.1,"31,678","±1,223",3.90%,±0.1,"25,897","±2,213",0.20%,±0.1,"34,770","±3,142",5.90%,±0.1,"37,998",±780,1.20%,±0.1,"36,053","±2,205",0.10%,±0.1,"33,259","±2,517",0.40%,±0.1,"25,938","±7,764",0.30%,±0.1,"31,634","±1,970",5.60%,±0.2,"23,579","±1,783",0.30%,±0.1,"31,811","±3,263",0.50%,±0.1,"46,111","±1,673",1.10%,±0.1,"33,413","±2,309",0.30%,±0.1,"44,044","±10,536",0.30%,±0.1,"49,729","±3,964",1.20%,±0.1,"41,588","±1,427",0.20%,±0.1,"29,600","±7,488",0.80%,±0.1,"35,573","±1,521",1.60%,±0.1,"40,754","±3,727",,,,,,,,,,,,,0.20%,±0.1,"17,778","±2,846",,,,
    Asian,0.90%,±0.1,"54,756","±3,603",3.50%,±0.2,"64,794","±3,580",2.40%,±0.1,"65,194","±2,251",0.90%,±0.1,"48,249","±4,034",12.20%,±0.1,"75,968",±493,2.30%,±0.1,"61,939","±2,372",3.10%,±0.1,"82,022","±2,118",2.80%,±0.1,"88,818","±5,484",3.50%,±0.2,"76,969","±4,592",2.00%,±0.1,"59,435","±1,300",2.70%,±0.1,"61,986","±1,492",40.30%,±0.4,"70,573","±1,296",1.10%,±0.1,"41,534","±3,353",4.00%,±0.1,"74,986","±1,243",1.30%,±0.1,"53,742","±1,864",1.40%,±0.1,"55,839","±3,800",1.90%,±0.1,"59,306","±3,104",0.90%,±0.1,"64,284","±2,963",1.30%,±0.1,"53,035","±2,807",0.70%,±0.1,"50,219","±5,440",4.60%,±0.1,"89,575","±2,168",4.40%,±0.1,"74,519","±1,767",2.00%,±0.1,"72,610","±2,106",2.70%,±0.1,"61,931","±1,555",0.80%,±0.1,"48,674","±5,700",1.30%,±0.1,"59,040","±2,789",0.40%,±0.1,"40,000","±6,175",1.30%,±0.1,"52,410","±2,519",6.30%,±0.1,"62,250","±2,090",1.60%,±0.1,"76,141","±5,964",6.90%,±0.1,"101,537","±1,341",1.20%,±0.1,"55,591","±4,649",6.10%,±0.1,"61,379",±786,1.70%,±0.1,"62,245","±1,786",0.80%,±0.1,"39,382","±4,050",1.40%,±0.1,"66,339","±1,310",1.40%,±0.1,"50,986","±2,242",3.00%,±0.1,"58,773","±2,417",2.20%,±0.1,"62,635","±1,566",2.20%,±0.1,"54,842","±4,695",1.10%,±0.1,"53,126","±2,754",0.70%,±0.1,"47,104","±6,577",1.10%,±0.1,"63,936","±2,661",3.50%,±0.1,"67,329","±1,064",1.90%,±0.1,"57,635","±3,592",0.80%,±0.1,"39,496","±8,274",4.50%,±0.1,"87,364","±1,409",6.10%,±0.1,"68,652","±1,546",0.50%,±0.1,"56,411","±7,649",1.50%,±0.1,"54,462","±2,992",0.40%,±0.1,"45,838","±15,350",,,,,,,,,,,,,0.30%,±0.1,"17,047","±3,332",,,,
    Native Hawaiian and Other Pacific Islander,0.00%,±0.1,"50,500","±40,328",0.60%,±0.1,"58,362","±4,425",0.10%,±0.1,"49,898","±7,746",0.10%,±0.1,"30,580","±11,534",0.30%,±0.1,"65,795","±2,014",0.10%,±0.1,"48,596","±3,990",0.00%,±0.1,"70,526","±28,752",0.10%,±0.1,"35,682","±12,659",0.00%,±0.1,"119,096","±61,051",0.00%,±0.1,"51,997","±7,363",0.00%,±0.1,"49,787","±19,731",7.40%,±0.2,"57,192","±3,031",0.10%,±0.1,"57,216","±27,951",0.00%,±0.1,"55,903","±25,721",0.00%,±0.1,"31,705","±56,888",0.00%,±0.1,"69,537","±18,260",0.10%,±0.1,"56,563","±15,615",0.00%,±0.1,"36,761","±11,881",0.00%,±0.1,"68,750","±29,157",0.00%,±0.1,"27,188","±59,413",0.00%,±0.1,"71,667","±22,216",0.00%,±0.1,"43,514","±16,810",0.00%,±0.1,"42,761","±21,289",0.00%,±0.1,"46,042","±11,582",0.00%,±0.1,"46,328","±17,728",0.10%,±0.1,"41,623","±5,479",0.00%,±0.1,"42,813","±32,579",0.00%,±0.1,"27,074","±6,450",0.50%,±0.1,"55,593","±9,199",0.00%,±0.1,"86,103","±48,084",0.00%,±0.1,"77,835","±14,287",0.10%,±0.1,"47,625","±26,511",0.00%,±0.1,"45,738","±9,915",0.00%,±0.1,"53,366","±7,794",0.00%,±0.1,"28,344","±3,407",0.00%,±0.1,"64,024","±13,290",0.10%,±0.1,"35,458","±9,062",0.30%,±0.1,"40,969","±4,438",0.00%,±0.1,"45,795","±10,178",0.10%,±0.1,"18,664","±10,292",0.00%,±0.1,"37,238","±28,595",0.00%,±0.1,"34,732","±38,637",0.00%,±0.1,"49,136","±25,077",0.10%,±0.1,"53,101","±2,973",0.60%,±0.1,"49,112","±5,488",0.00%,±0.1,"49,167","±24,850",0.10%,±0.1,"68,995","±16,521",0.40%,±0.1,"59,137","±3,283",0.00%,±0.1,"82,788","±88,614",0.00%,±0.1,"36,969","±12,608",0.00%,±0.1,"53,750","±122,245",,,,,,,,,,,,,0.00%,±0.1,"11,111","±9,340",,,,
    Some other race,0.70%,±0.1,"35,726","±3,502",1.10%,±0.1,"59,753","±5,606",5.40%,±0.1,"39,440",±905,1.50%,±0.1,"32,842","±1,849",10.10%,±0.1,"46,798",±301,3.80%,±0.1,"40,250",±866,4.20%,±0.1,"35,912","±1,166",1.50%,±0.1,"39,179","±3,092",2.60%,±0.3,"41,410","±4,180",2.10%,±0.1,"40,736",±842,2.30%,±0.1,"34,539",±969,1.10%,±0.1,"53,772","±4,382",1.50%,±0.1,"35,434","±2,774",4.60%,±0.1,"45,754",±706,1.60%,±0.1,"36,275","±1,242",1.00%,±0.1,"38,560","±1,794",2.00%,±0.1,"37,765","±1,560",0.60%,±0.1,"32,659","±2,676",0.90%,±0.1,"40,075","±1,549",0.20%,±0.1,"36,771","±10,112",2.10%,±0.1,"58,999","±1,739",3.40%,±0.1,"32,005","±1,097",0.90%,±0.1,"37,267","±1,295",0.90%,±0.1,"41,622","±1,973",0.50%,±0.1,"35,528","±4,315",0.70%,±0.1,"35,135","±2,787",0.40%,±0.1,"33,438","±9,458",1.70%,±0.1,"39,960","±2,243",4.30%,±0.1,"47,449","±1,670",0.60%,±0.1,"44,272","±4,726",4.80%,±0.1,"45,974",±857,11.20%,±0.2,"37,319","±1,043",6.50%,±0.1,"36,596",±571,2.30%,±0.1,"31,967",±814,0.40%,±0.1,"43,800","±7,249",0.60%,±0.1,"35,566","±1,216",1.90%,±0.1,"35,450","±1,321",2.30%,±0.1,"37,254","±1,263",1.40%,±0.1,"30,265","±1,236",4.70%,±0.2,"31,340","±1,872",1.10%,±0.1,"34,177","±1,994",0.60%,±0.1,"36,133","±6,075",0.90%,±0.1,"35,196","±1,711",6.90%,±0.1,"37,210",±400,2.60%,±0.1,"42,181","±1,604",0.20%,±0.1,"57,784","±20,392",1.60%,±0.1,"56,987","±2,236",2.60%,±0.1,"38,555","±1,416",0.10%,±0.1,"38,393","±15,742",1.10%,±0.1,"38,036","±1,846",1.80%,±0.2,"40,585","±2,642",,,,,,,,,,,,,9.90%,±0.2,"17,396",±485,,,,
Two or more races,1.00%,±0.1,"35,892","±2,058",4.70%,±0.3,"54,037","±3,892",1.60%,±0.1,"44,149","±1,882",1.30%,±0.1,"32,248","±2,182",2.50%,±0.1,"58,825",±911,2.00%,±0.1,"45,694","±1,768",1.30%,±0.1,"50,401","±3,633",1.20%,±0.1,"48,469","±7,340",1.70%,±0.2,"63,393","±7,562",1.30%,±0.1,"43,443","±1,432",1.00%,±0.1,"47,354","±2,241",15.70%,±0.4,"65,018","±2,185",1.50%,±0.1,"37,636","±1,977",1.00%,±0.1,"49,957","±1,883",1.10%,±0.1,"38,145","±1,492",0.80%,±0.1,"33,729","±2,754",1.80%,±0.1,"39,694","±1,771",0.90%,±0.1,"27,980","±3,303",1.00%,±0.1,"38,543","±1,567",1.00%,±0.1,"30,010","±4,305",1.40%,±0.1,"65,975","±2,796",1.60%,±0.1,"47,935","±2,706",1.30%,±0.1,"36,813","±1,304",1.10%,±0.1,"45,846","±2,718",0.70%,±0.1,"33,483","±3,296",1.40%,±0.1,"37,245","±2,070",1.50%,±0.1,"33,824","±3,768",1.20%,±0.1,"36,240","±2,873",2.20%,±0.1,"53,077","±2,582",1.00%,±0.1,"53,653","±5,879",1.40%,±0.1,"58,683","±2,807",2.00%,±0.1,"40,335","±2,435",1.50%,±0.1,"46,467","±1,173",1.10%,±0.1,"37,993","±1,930",0.80%,±0.1,"29,466","±4,083",1.10%,±0.1,"35,243","±1,335",5.40%,±0.1,"36,842",±804,2.30%,±0.1,"41,826","±2,007",0.90%,±0.1,"38,784","±1,395",1.50%,±0.1,"41,055","±2,806",0.80%,±0.1,"37,750","±1,974",1.10%,±0.1,"36,827","±4,839",1.00%,±0.1,"36,047","±1,556",1.50%,±0.1,"46,368","±1,071",1.20%,±0.1,"47,239","±3,125",1.30%,±0.1,"41,335","±4,400",1.40%,±0.1,"63,659","±2,151",2.60%,±0.1,"51,343","±1,283",1.20%,±0.1,"31,677","±2,329",0.90%,±0.1,"40,343","±2,327",1.80%,±0.2,"46,263","±5,591",,,,,,,,,,,,,9.80%,±0.2,"18,520",±479,,,,
Hispanic or Latino origin (of any race),2.30%,±0.1,"35,735","±1,681",4.20%,±0.2,"60,274","±4,031",21.10%,±0.1,"39,258",±462,4.00%,±0.1,"33,696","±1,349",27.00%,±0.1,"47,618",±236,14.90%,±0.1,"40,025",±504,10.10%,±0.1,"40,257",±908,5.20%,±0.2,"42,020","±3,041",7.30%,±0.3,"53,754","±4,209",17.70%,±0.1,"41,498",±255,5.90%,±0.1,"37,371",±693,6.90%,±0.2,"54,879","±2,871",7.40%,±0.2,"35,271","±1,294",10.50%,±0.1,"47,182",±534,3.90%,±0.1,"37,148",±743,3.00%,±0.1,"38,666","±1,278",6.80%,±0.1,"38,337",±875,1.80%,±0.1,"34,024","±1,584",3.30%,±0.1,"42,024","±1,030",0.80%,±0.1,"36,426","±2,655",5.20%,±0.1,"62,774","±1,390",7.30%,±0.1,"33,723","±1,033",2.90%,±0.1,"38,444",±834,2.90%,±0.1,"40,193",±981,1.70%,±0.1,"40,713","±2,730",2.40%,±0.1,"38,722","±1,350",1.90%,±0.1,"33,921","±2,732",5.70%,±0.1,"38,720","±1,233",18.30%,±0.1,"45,579",±927,1.90%,±0.1,"50,800","±5,416",13.50%,±0.1,"49,701",±679,39.60%,±0.2,"36,942",±534,14.00%,±0.1,"40,203",±354,5.20%,±0.1,"34,918",±615,1.30%,±0.1,"41,058","±5,048",2.10%,±0.1,"36,752",±870,5.70%,±0.1,"35,271",±662,7.10%,±0.1,"38,003",±905,3.90%,±0.1,"33,612",±824,8.80%,±0.2,"33,792","±1,659",3.30%,±0.1,"35,478","±1,253",1.70%,±0.1,"36,162","±4,318",2.80%,±0.1,"34,857","±1,021",29.10%,±0.1,"38,154",±216,9.70%,±0.1,"42,684",±880,1.00%,±0.1,"54,964","±6,416",5.20%,±0.1,"59,874","±1,029",7.10%,±0.1,"42,046",±679,0.80%,±0.1,"36,674","±3,868",3.70%,±0.1,"38,813",±840,6.00%,±0.3,"46,623","±2,585",,,,,,,,,,,,,98.80%,±0.1,"19,050",±140,,,,
"White alone, not Hispanic or Latino",70.40%,±0.1,"49,637",±346,73.10%,±0.4,"75,453",±996,68.70%,±0.1,"56,120",±290,78.70%,±0.2,"43,702",±342,51.90%,±0.1,"71,494",±233,77.00%,±0.1,"63,492",±322,76.80%,±0.1,"76,889",±416,71.50%,±0.3,"64,892",±687,39.00%,±0.4,"105,497","±2,222",66.20%,±0.1,"52,433",±181,61.00%,±0.1,"58,146",±367,31.20%,±0.3,"69,171","±1,368",88.80%,±0.2,"48,607",±499,70.70%,±0.1,"62,519",±240,85.10%,±0.1,"51,150",±205,92.30%,±0.1,"51,664",±258,83.70%,±0.1,"53,098",±306,88.70%,±0.1,"43,812",±272,64.60%,±0.1,"53,549",±338,96.30%,±0.1,"48,509",±416,60.20%,±0.1,"80,693",±475,81.10%,±0.1,"71,277",±400,80.20%,±0.1,"52,067",±166,88.20%,±0.1,"61,205",±234,62.40%,±0.2,"48,319",±514,83.70%,±0.1,"49,991",±177,91.60%,±0.2,"46,596",±438,87.20%,±0.2,"53,012",±371,64.30%,±0.2,"60,971",±595,94.50%,±0.2,"64,940",±514,65.70%,±0.1,"79,840",±310,50.10%,±0.2,"53,454",±551,64.60%,±0.1,"65,147",±256,70.40%,±0.1,"52,399",±281,92.30%,±0.2,"51,206",±505,83.50%,±0.1,"51,496",±174,75.10%,±0.2,"47,881",±310,85.10%,±0.1,"51,389",±282,83.40%,±0.1,"54,859",±166,82.30%,±0.2,"61,356",±698,68.30%,±0.1,"52,345",±307,90.20%,±0.3,"50,424",±481,79.50%,±0.1,"47,100",±232,54.10%,±0.1,"62,904",±215,85.10%,±0.2,"60,538",±395,96.00%,±0.2,"53,761",±478,70.30%,±0.1,"68,728",±360,79.70%,±0.1,"61,463",±246,94.60%,±0.1,"40,036",±321,88.00%,±0.1,"54,951",±167,90.00%,±0.3,"57,919",±875,,,,,,,,,,,,,0.90%,±0.1,"27,964","±2,643",,,,
HOUSEHOLD INCOME BY AGE OF HOUSEHOLDER,,,,,,,,,,,,,,,,,,,,,,,,,,,,,,,,,,,,,,,,,,,,,,,,,,,,,,,,,,,,,,,,,,,,,,,,,,,,,,,,,,,,,,,,,,,,,,,,,,,,,,,,,,,,,,,,,,,,,,,,,,,,,,,,,,,,,,,,,,,,,,,,,,,,,,,,,,,,,,,,,,,,,,,,,,,,,,,,,,,,,,,,,,,,,,,,,,,,,,,,,,,,,,,,,,,,,,,,,,,,,,,,
    15 to 24 years,5.00%,±0.1,"21,496",±687,6.50%,±0.3,"41,825","±1,236",5.30%,±0.1,"28,126",±779,5.70%,±0.2,"22,611",±760,3.90%,±0.1,"32,169",±397,6.00%,±0.1,"28,252",±832,2.90%,±0.1,"31,011","±1,305",3.70%,±0.2,"31,318","±1,834",5.90%,±0.3,"31,477","±2,069",3.80%,±0.1,"26,955",±373,4.70%,±0.1,"24,557",±626,3.80%,±0.2,"36,139","±2,430",6.70%,±0.2,"26,623",±703,4.00%,±0.1,"25,649",±495,5.10%,±0.1,"22,968",±613,6.20%,±0.1,"26,249",±610,6.50%,±0.1,"25,238",±800,4.80%,±0.1,"22,126",±636,5.40%,±0.1,"22,867","±1,077",3.70%,±0.2,"26,593","±1,092",3.30%,±0.1,"36,815","±1,469",3.40%,±0.1,"30,709",±815,4.30%,±0.1,"20,910",±356,5.10%,±0.1,"28,831",±947,4.40%,±0.1,"20,321",±892,5.30%,±0.1,"24,537",±549,6.20%,±0.2,"25,863","±1,091",6.30%,±0.2,"26,330",±753,4.70%,±0.1,"35,066","±1,920",3.30%,±0.2,"33,375","±1,812",2.10%,±0.1,"33,277","±1,468",5.40%,±0.2,"24,022",±857,3.30%,±0.1,"27,896",±591,5.00%,±0.1,"24,371",±592,9.10%,±0.3,"25,789","±1,370",4.50%,±0.1,"21,626",±450,6.30%,±0.1,"25,251",±581,5.30%,±0.1,"24,366",±723,3.70%,±0.1,"23,889",±481,3.90%,±0.2,"25,216","±1,786",4.70%,±0.1,"23,647",±866,6.50%,±0.3,"25,802","±1,139",4.90%,±0.1,"21,974",±630,5.70%,±0.1,"25,625",±317,7.30%,±0.2,"32,726",±909,4.40%,±0.2,"28,388","±2,750",4.40%,±0.1,"32,042",±614,5.20%,±0.1,"30,293",±614,4.50%,±0.1,"18,422","±1,181",5.60%,±0.1,"26,744",±511,6.70%,±0.3,"34,312","±1,569",,,,,,,,,,,,,2.50%,±0.1,"6,620",±562,,,,
    25 to 44 years,32.90%,±0.2,"48,404",±556,37.20%,±0.3,"71,993","±1,468",35.10%,±0.1,"55,001",±553,33.30%,±0.2,"45,037",±572,37.00%,±0.1,"65,098",±301,37.50%,±0.1,"62,026",±500,32.80%,±0.2,"75,084",±651,32.80%,±0.3,"63,495","±1,186",42.90%,±0.4,"74,315","±1,477",30.90%,±0.1,"52,474",±304,38.70%,±0.1,"53,504",±393,31.20%,±0.3,"68,532","±1,156",35.00%,±0.2,"51,227",±552,36.00%,±0.1,"62,309",±372,34.60%,±0.1,"53,465",±406,32.50%,±0.1,"57,522",±568,34.10%,±0.1,"54,823",±544,34.00%,±0.2,"48,218",±575,34.00%,±0.2,"50,485",±379,29.90%,±0.2,"53,574",±772,35.20%,±0.1,"76,104",±631,34.00%,±0.1,"75,024",±631,32.40%,±0.1,"53,753",±335,35.30%,±0.1,"65,771",±406,33.80%,±0.2,"43,184",±689,33.70%,±0.1,"52,711",±382,30.00%,±0.2,"50,062",±943,34.10%,±0.2,"55,733",±605,37.80%,±0.2,"59,442",±832,32.20%,±0.2,"72,500","±1,036",34.10%,±0.1,"78,251",±603,32.10%,±0.2,"46,736",±643,34.40%,±0.1,"63,709",±375,35.80%,±0.1,"50,983",±375,32.10%,±0.3,"57,684",±950,33.10%,±0.1,"53,578",±376,33.60%,±0.1,"48,000",±538,33.80%,±0.1,"53,914",±496,31.30%,±0.1,"59,211",±349,32.60%,±0.3,"61,980","±1,191",33.40%,±0.1,"48,887",±654,32.40%,±0.3,"54,330","±1,110",34.50%,±0.1,"48,883",±458,38.90%,±0.1,"53,603",±228,41.50%,±0.2,"59,503",±556,30.60%,±0.3,"59,425","±1,095",35.80%,±0.1,"69,325",±518,35.80%,±0.1,"63,935",±431,29.00%,±0.2,"46,585",±610,33.60%,±0.1,"58,693",±357,32.90%,±0.4,"61,662","±1,202",,,,,,,,,,,,,30.90%,±0.2,"22,792",±330,,,,
    45 to 64 years,39.30%,±0.2,"51,913",±398,43.50%,±0.3,"80,094","±1,492",37.10%,±0.1,"60,615",±491,37.60%,±0.2,"48,357",±571,39.50%,±0.1,"74,259",±309,39.10%,±0.1,"70,888",±527,41.80%,±0.2,"86,637",±815,40.30%,±0.3,"73,172","±1,113",33.00%,±0.4,"65,920","±1,594",38.40%,±0.1,"56,789",±326,38.90%,±0.1,"58,860",±414,41.50%,±0.4,"77,563","±1,141",37.50%,±0.2,"57,131",±714,38.90%,±0.1,"69,860",±392,39.10%,±0.1,"59,565",±467,37.70%,±0.1,"63,153",±511,38.00%,±0.2,"64,100",±564,39.50%,±0.2,"51,177",±510,39.70%,±0.2,"52,474",±544,42.60%,±0.2,"58,052",±731,41.50%,±0.1,"87,639",±632,40.50%,±0.1,"81,798",±627,40.70%,±0.1,"59,935",±338,39.10%,±0.1,"71,832",±395,39.60%,±0.2,"46,276",±720,38.70%,±0.1,"57,449",±398,40.80%,±0.2,"54,795",±703,37.70%,±0.2,"62,900",±514,38.30%,±0.2,"63,508",±733,43.80%,±0.3,"76,533","±1,120",41.50%,±0.1,"87,186",±553,40.40%,±0.2,"54,357",±661,40.30%,±0.1,"68,872",±381,38.50%,±0.1,"55,161",±402,36.70%,±0.3,"64,680",±865,40.00%,±0.1,"59,591",±352,37.90%,±0.2,"54,332",±425,38.90%,±0.2,"60,743",±484,40.40%,±0.1,"64,400",±322,40.70%,±0.4,"71,473","±1,233",39.60%,±0.2,"52,883",±500,38.30%,±0.4,"60,080",±952,39.00%,±0.1,"52,838",±378,37.70%,±0.1,"62,481",±320,34.10%,±0.2,"73,467",±669,43.10%,±0.3,"63,373",±990,40.00%,±0.1,"76,180",±544,39.50%,±0.1,"71,300",±517,40.60%,±0.2,"48,247",±615,39.30%,±0.1,"64,904",±359,40.70%,±0.4,"69,229","±1,125",,,,,,,,,,,,,39.80%,±0.2,"22,077",±264,,,,
    65 years and over,22.80%,±0.1,"30,854",±285,12.80%,±0.2,"47,222","±1,485",22.50%,±0.1,"38,447",±347,23.40%,±0.1,"29,330",±353,19.60%,±0.1,"41,523",±201,17.30%,±0.1,"39,021",±446,22.50%,±0.1,"41,216",±484,23.20%,±0.2,"41,527",±807,18.30%,±0.2,"43,053","±1,594",27.00%,±0.1,"36,054",±178,17.70%,±0.1,"33,356",±314,23.50%,±0.2,"53,402","±1,219",20.80%,±0.2,"34,104",±635,21.10%,±0.1,"35,711",±266,21.20%,±0.1,"32,951",±314,23.50%,±0.1,"32,685",±376,21.50%,±0.1,"34,767",±459,21.70%,±0.1,"28,548",±300,20.80%,±0.1,"29,780",±369,23.70%,±0.2,"30,998",±479,20.00%,±0.1,"46,003",±466,22.10%,±0.1,"36,282",±324,22.50%,±0.1,"34,081",±213,20.50%,±0.1,"35,386",±370,22.20%,±0.2,"26,688",±363,22.30%,±0.1,"32,578",±283,23.00%,±0.2,"32,865",±641,21.90%,±0.1,"33,605",±520,19.30%,±0.2,"40,591",±749,20.60%,±0.2,"38,538",±639,22.30%,±0.1,"41,269",±309,22.10%,±0.1,"34,665",±632,22.10%,±0.1,"35,199",±212,20.70%,±0.1,"32,242",±239,22.10%,±0.2,"29,981",±667,22.50%,±0.1,"32,716",±214,22.20%,±0.1,"32,387",±341,22.00%,±0.1,"35,521",±478,24.60%,±0.1,"32,036",±178,22.80%,±0.2,"33,059",±946,22.30%,±0.1,"32,824",±360,22.80%,±0.2,"31,690",±799,21.60%,±0.1,"30,905",±302,17.80%,±0.1,"35,238",±248,17.20%,±0.1,"41,278",±702,21.90%,±0.2,"34,621",±816,19.80%,±0.1,"40,563",±350,19.50%,±0.1,"40,180",±325,25.80%,±0.2,"27,773",±400,21.50%,±0.1,"33,267",±276,19.70%,±0.3,"35,232","±1,092",,,,,,,,,,,,,26.90%,±0.1,"14,885",±166,,,,
FAMILIES,,,,,,,,,,,,,,,,,,,,,,,,,,,,,,,,,,,,,,,,,,,,,,,,,,,,,,,,,,,,,,,,,,,,,,,,,,,,,,,,,,,,,,,,,,,,,,,,,,,,,,,,,,,,,,,,,,,,,,,,,,,,,,,,,,,,,,,,,,,,,,,,,,,,,,,,,,,,,,,,,,,,,,,,,,,,,,,,,,,,,,,,,,,,,,,,,,,,,,,,,,,,,,,,,,,,,,,,,,,,,,,,
    Families,"1,246,237","±6,616","54,001",±349,"170,948","±1,612","80,178",±993,"1,552,820","±8,478","60,237",±362,"764,547","±4,405","49,791",±410,"8,525,355","±24,086","70,231",±283,"1,246,419","±5,396","71,721",±411,"908,824","±3,885","86,395",±574,"226,757","±1,946","71,133",±913,"109,514","±1,687","75,710","±1,886","4,650,253","±22,395","57,592",±258,"2,389,321","±11,115","59,262",±360,"310,284","±2,350","78,757",±778,"403,174","±2,407","55,429",±416,"3,153,525","±10,940","69,658",±325,"1,656,099","±6,525","59,857",±303,"793,956","±3,060","64,000",±303,"730,131","±3,508","64,256",±386,"1,131,415","±5,625","53,151",±400,"1,121,966","±5,819","55,144",±362,"352,053","±2,038","60,021",±508,"1,428,101","±6,158","87,233",±535,"1,603,940","±6,239","83,371",±444,"2,534,769","±9,491","60,895",±255,"1,363,384","±5,936","73,046",±289,"751,419","±4,610","48,057",±485,"1,550,016","±6,318","59,020",±318,"256,806","±2,268","57,616",±663,"467,621","±2,198","63,758",±415,"646,130","±4,339","64,353",±533,"348,040","±2,246","78,310",±831,"2,201,341","±7,552","86,779",±455,"501,798","±3,212","53,956",±563,"4,656,855","±13,137","69,202",±353,"2,448,907","±11,008","57,171",±303,"171,622","±1,537","65,871",±666,"2,975,711","±10,325","60,762",±269,"957,898","±4,451","55,296",±345,"961,986","±4,957","61,302",±382,"3,234,899","±10,218","65,105",±251,"257,020","±2,073","72,724",±895,"1,185,868","±6,618","55,220",±401,"207,818","±1,844","61,412",±596,"1,648,754","±8,188","54,332",±287,"6,074,643","±20,364","60,004",±224,"654,354","±3,519","65,646",±424,"162,934","±1,198","66,340",±714,"2,015,959","±8,836","75,962",±415,"1,683,102","±7,179","71,250",±361,"486,883","±2,800","50,511",±410,"1,479,775","±7,441","66,065",±274,"145,279","±1,525","69,058","±1,032",,,,,,,,,,,,,"905,467","±3,799","22,296",±182,,,,
        With own children under 18 years,42.70%,±0.3,"51,752",±580,50.90%,±0.5,"73,668","±1,368",45.10%,±0.3,"55,038",±608,42.90%,±0.4,"45,750",±718,48.90%,±0.1,"64,279",±398,47.20%,±0.3,"68,263",±764,46.20%,±0.3,"86,257",±864,42.80%,±0.6,"67,327","±1,396",41.30%,±1.0,"53,400","±2,311",40.20%,±0.2,"53,948",±447,47.50%,±0.3,"56,435",±525,40.70%,±0.6,"73,073","±1,183",47.70%,±0.4,"53,397",±660,46.50%,±0.2,"67,270",±560,45.20%,±0.2,"57,782",±495,44.20%,±0.3,"63,086",±533,46.50%,±0.3,"61,170",±664,43.60%,±0.2,"51,845",±578,44.50%,±0.3,"52,960",±554,41.10%,±0.3,"57,185","±1,009",46.00%,±0.2,"85,217",±869,46.00%,±0.2,"84,575",±634,44.20%,±0.2,"59,905",±500,46.70%,±0.2,"73,481",±472,44.20%,±0.4,"44,935",±690,44.30%,±0.2,"56,984",±604,41.20%,±0.5,"55,472","±1,034",46.20%,±0.4,"62,135",±907,47.10%,±0.3,"59,413",±913,43.80%,±0.4,"80,234","±1,328",46.80%,±0.2,"87,587",±735,44.50%,±0.5,"46,651",±846,45.50%,±0.1,"65,409",±526,44.60%,±0.2,"54,217",±539,43.80%,±0.5,"66,042",±932,44.10%,±0.2,"58,863",±483,44.60%,±0.3,"50,834",±547,43.50%,±0.3,"57,590",±790,42.10%,±0.2,"65,191",±441,45.10%,±0.5,"68,507","±1,499",42.30%,±0.3,"51,681",±673,44.90%,±0.5,"59,851","±1,157",42.80%,±0.3,"51,496",±468,49.50%,±0.1,"54,635",±349,52.70%,±0.3,"64,162",±619,43.00%,±0.4,"63,539","±1,114",45.10%,±0.2,"75,028",±658,46.00%,±0.2,"67,389",±611,37.80%,±0.4,"49,944",±850,44.80%,±0.2,"64,945",±453,43.20%,±0.8,"65,504","±1,735",,,,,,,,,,,,,41.50%,±0.3,"20,438",±343,,,,
        With no own children under 18 years,57.30%,±0.3,"55,475",±353,49.10%,±0.5,"87,555","±1,221",54.90%,±0.3,"63,690",±472,57.10%,±0.4,"52,329",±480,51.10%,±0.1,"75,388",±291,52.80%,±0.3,"74,546",±546,53.80%,±0.3,"86,505",±668,57.20%,±0.6,"73,682","±1,255",58.70%,±1.0,"89,618","±2,975",59.80%,±0.2,"59,782",±233,52.50%,±0.3,"61,399",±367,59.30%,±0.6,"82,924","±1,150",52.30%,±0.4,"57,338",±615,53.50%,±0.2,"71,421",±287,54.80%,±0.2,"61,175",±324,55.80%,±0.3,"64,600",±396,53.50%,±0.3,"66,418",±458,56.40%,±0.2,"54,054",±466,55.50%,±0.3,"56,692",±456,58.90%,±0.3,"61,600",±572,54.00%,±0.2,"88,694",±651,54.00%,±0.2,"82,424",±527,55.80%,±0.2,"61,547",±227,53.30%,±0.2,"72,724",±318,55.80%,±0.4,"50,369",±512,55.70%,±0.2,"60,373",±321,58.80%,±0.5,"59,013",±810,53.80%,±0.4,"64,856",±484,52.90%,±0.3,"68,339",±710,56.20%,±0.4,"77,054",±910,53.20%,±0.2,"86,165",±469,55.50%,±0.5,"59,577",±701,54.50%,±0.1,"71,827",±295,55.40%,±0.2,"59,133",±348,56.20%,±0.5,"65,740",±788,55.90%,±0.2,"61,892",±243,55.40%,±0.3,"58,588",±461,56.50%,±0.3,"63,634",±417,57.90%,±0.2,"65,049",±240,54.90%,±0.5,"75,301","±1,172",57.70%,±0.3,"57,447",±416,55.10%,±0.5,"62,509",±785,57.20%,±0.3,"56,201",±362,50.50%,±0.1,"64,442",±259,47.30%,±0.3,"67,362",±559,57.00%,±0.4,"68,421","±1,026",54.90%,±0.2,"76,655",±436,54.00%,±0.2,"74,054",±442,62.20%,±0.4,"50,822",±472,55.20%,±0.2,"66,887",±324,56.80%,±0.8,"71,519","±1,377",,,,,,,,,,,,,58.50%,±0.3,"23,358",±247,,,,
    Married-couple families,71.80%,±0.3,"66,794",±409,74.70%,±0.6,"93,464",±952,74.00%,±0.3,"71,149",±461,74.10%,±0.4,"59,555",±489,72.30%,±0.2,"84,652",±281,78.00%,±0.3,"83,107",±443,75.00%,±0.3,"102,568",±620,72.80%,±0.6,"84,568",±931,52.60%,±0.9,"137,300","±2,620",73.30%,±0.2,"68,450",±317,71.20%,±0.3,"73,185",±384,73.80%,±0.6,"88,894","±1,036",80.60%,±0.5,"62,334",±516,74.10%,±0.2,"82,679",±293,75.60%,±0.3,"70,313",±312,80.40%,±0.3,"72,257",±371,78.20%,±0.4,"73,948",±402,75.00%,±0.3,"63,791",±387,68.30%,±0.3,"71,602",±497,78.70%,±0.4,"68,245",±495,72.00%,±0.3,"105,112",±564,74.40%,±0.3,"99,356",±506,74.50%,±0.2,"72,619",±287,79.40%,±0.3,"83,025",±277,67.40%,±0.4,"62,148",±525,75.40%,±0.3,"69,738",±284,80.30%,±0.5,"64,997",±710,79.20%,±0.4,"72,471",±460,71.90%,±0.5,"75,388",±626,80.20%,±0.5,"88,522",±811,74.40%,±0.3,"103,348",±445,70.40%,±0.5,"66,716",±614,69.70%,±0.2,"85,392",±424,73.90%,±0.2,"69,297",±328,82.00%,±0.5,"73,585",±781,74.20%,±0.2,"72,455",±278,75.30%,±0.3,"65,387",±374,77.50%,±0.4,"70,853",±503,75.40%,±0.2,"76,327",±248,72.50%,±0.6,"86,775","±1,179",71.60%,±0.3,"68,419",±476,79.20%,±0.5,"70,090",±641,73.90%,±0.3,"65,288",±363,72.90%,±0.2,"73,319",±250,82.10%,±0.3,"72,050",±432,78.80%,±0.6,"75,473",±797,76.00%,±0.3,"89,580",±329,77.50%,±0.3,"82,486",±349,77.20%,±0.4,"58,220",±483,78.20%,±0.2,"75,681",±273,80.50%,±0.7,"77,595","±1,151",,,,,,,,,,,,,58.70%,±0.3,"29,428",±271,,,,
"    Female householder, no husband present",22.00%,±0.2,"24,642",±350,16.60%,±0.5,"37,503","±1,506",18.30%,±0.2,"31,881",±477,19.60%,±0.3,"23,625",±427,19.30%,±0.1,"37,236",±247,15.40%,±0.2,"34,229",±610,18.90%,±0.3,"39,092",±639,20.10%,±0.6,"36,556","±1,202",38.50%,±0.9,"37,141","±1,629",19.80%,±0.1,"31,680",±247,22.10%,±0.2,"29,184",±367,18.10%,±0.5,"46,139","±1,211",13.40%,±0.4,"27,125",±618,19.10%,±0.2,"33,193",±327,17.90%,±0.2,"28,540",±378,13.80%,±0.2,"28,946",±578,15.50%,±0.3,"29,869",±612,18.60%,±0.3,"24,420",±461,24.70%,±0.2,"24,776",±400,15.00%,±0.3,"27,661",±911,21.10%,±0.3,"46,646",±691,19.30%,±0.3,"37,924",±560,19.00%,±0.2,"28,251",±285,14.40%,±0.2,"33,091",±559,25.70%,±0.3,"22,615",±474,18.20%,±0.2,"28,308",±376,13.60%,±0.5,"26,120",±891,14.70%,±0.4,"29,786",±848,18.90%,±0.4,"36,333",±841,13.80%,±0.4,"37,712","±1,367",18.90%,±0.2,"43,121",±574,20.80%,±0.4,"27,657",±719,22.80%,±0.2,"35,312",±298,19.70%,±0.2,"27,063",±255,12.50%,±0.4,"26,967",±834,19.40%,±0.2,"27,707",±248,18.00%,±0.2,"26,159",±434,15.90%,±0.3,"29,076",±593,18.10%,±0.2,"31,864",±248,20.80%,±0.5,"33,808","±1,187",22.00%,±0.2,"25,953",±367,14.70%,±0.5,"27,040",±731,19.70%,±0.2,"26,447",±319,20.10%,±0.1,"29,145",±248,12.50%,±0.3,"34,949",±740,14.50%,±0.5,"31,705","±1,301",17.90%,±0.2,"36,184",±475,15.60%,±0.2,"33,237",±659,16.40%,±0.3,"24,176",±601,15.40%,±0.2,"30,270",±404,13.10%,±0.6,"31,438","±1,657",,,,,,,,,,,,,33.20%,±0.3,"13,736",±215,,,,
"    Male householder, no wife present",6.20%,±0.2,"38,657","±1,031",8.80%,±0.4,"55,254","±2,882",7.70%,±0.2,"42,104",±983,6.30%,±0.2,"35,239","±1,193",8.50%,±0.1,"49,909",±468,6.60%,±0.2,"46,692","±1,172",6.10%,±0.2,"58,660","±1,872",7.10%,±0.4,"48,142","±2,480",8.90%,±0.7,"50,136","±5,570",6.90%,±0.1,"41,093",±429,6.60%,±0.1,"40,457",±745,8.00%,±0.4,"60,733","±2,390",6.00%,±0.3,"40,269","±1,024",6.80%,±0.1,"47,202",±711,6.50%,±0.2,"39,771",±816,5.80%,±0.2,"40,958",±810,6.30%,±0.2,"41,989","±1,074",6.40%,±0.2,"35,170",±908,7.00%,±0.2,"41,146","±1,074",6.30%,±0.2,"40,507","±1,447",6.90%,±0.2,"57,545","±1,282",6.30%,±0.1,"54,708","±1,263",6.50%,±0.1,"40,238",±525,6.20%,±0.1,"44,994",±879,6.80%,±0.2,"33,275",±930,6.40%,±0.2,"39,904",±811,6.20%,±0.3,"39,454","±2,408",6.10%,±0.2,"40,089","±1,104",9.20%,±0.2,"48,581","±2,493",6.00%,±0.3,"51,002","±2,068",6.70%,±0.1,"56,595","±1,133",8.80%,±0.3,"37,688","±1,245",7.50%,±0.1,"49,899",±667,6.30%,±0.1,"36,323",±638,5.60%,±0.3,"44,773","±2,411",6.40%,±0.1,"40,630",±536,6.70%,±0.2,"38,615",±881,6.60%,±0.2,"40,645","±1,127",6.50%,±0.1,"45,311",±617,6.80%,±0.4,"51,252","±2,669",6.40%,±0.2,"37,592","±1,100",6.10%,±0.3,"37,641","±2,144",6.50%,±0.2,"36,169",±641,7.00%,±0.1,"42,566",±485,5.40%,±0.2,"46,828","±1,598",6.70%,±0.5,"43,186","±1,580",6.10%,±0.1,"50,315",±821,6.80%,±0.2,"47,954",±935,6.40%,±0.2,"35,288","±1,933",6.40%,±0.1,"42,112",±535,6.40%,±0.5,"48,547","±3,416",,,,,,,,,,,,,8.10%,±0.2,"17,112",±311,,,,
NONFAMILY HOUSEHOLDS,,,,,,,,,,,,,,,,,,,,,,,,,,,,,,,,,,,,,,,,,,,,,,,,,,,,,,,,,,,,,,,,,,,,,,,,,,,,,,,,,,,,,,,,,,,,,,,,,,,,,,,,,,,,,,,,,,,,,,,,,,,,,,,,,,,,,,,,,,,,,,,,,,,,,,,,,,,,,,,,,,,,,,,,,,,,,,,,,,,,,,,,,,,,,,,,,,,,,,,,,,,,,,,,,,,,,,,,,,,,,,,,
    Nonfamily households,"585,032","±4,793","23,864",±289,"81,972","±1,599","44,002","±1,138","791,395","±5,432","33,128",±328,"356,839","±3,569","22,497",±301,"3,907,817","±10,324","40,802",±180,"694,774","±4,453","36,283",±306,"451,291","±3,306","39,503",±481,"106,080","±1,796","36,419",±810,"150,622","±1,808","53,760","±1,046","2,489,843","±9,943","30,804",±158,"1,101,433","±7,199","30,750",±226,"135,229","±1,996","39,970",±847,"172,323","±2,321","27,164",±432,"1,619,477","±6,446","33,745",±242,"816,771","±5,389","28,377",±273,"425,181","±3,066","28,194",±306,"374,348","±3,037","28,900",±361,"549,670","±3,987","23,724",±268,"553,131","±5,158","25,166",±261,"199,548","±2,226","27,264",±334,"700,276","±4,447","44,753",±436,"918,469","±4,786","38,514",±412,"1,290,413","±6,656","28,472",±181,"730,881","±4,255","33,992",±286,"333,643","±3,196","21,100",±320,"804,088","±5,080","27,483",±235,"146,689","±2,006","26,773",±452,"248,082","±2,203","28,889",±439,"340,611","±3,359","37,426",±592,"166,829","±2,174","36,570",±649,"979,513","±5,896","39,799",±337,"260,204","±2,805","28,268",±555,"2,558,832","±8,620","35,540",±223,"1,215,212","±6,593","27,901",±262,"107,047","±1,271","27,555",±605,"1,578,296","±6,619","27,863",±208,"474,837","±3,634","25,924",±267,"547,568","±4,604","30,922",±319,"1,717,667","±6,095","28,775",±188,"153,455","±1,859","32,237",±792,"572,864","±4,881","26,229",±302,"110,648","±1,565","27,321",±514,"809,243","±6,028","26,068",±251,"2,593,164","±9,636","31,812",±152,"217,004","±2,609","33,178",±553,"93,777","±1,235","31,486",±656,"975,066","±5,149","39,150",±361,"919,466","±5,134","37,223",±275,"253,197","±2,775","21,240",±274,"799,963","±4,987","30,516",±224,"74,349","±1,535","32,535",±755,,,,,,,,,,,,,"324,626","±3,088","10,862",±143,,,,
    Female householder,55.10%,±0.4,"20,210",±261,44.60%,±0.9,"40,147","±1,375",51.50%,±0.3,"29,943",±390,53.90%,±0.5,"19,632",±342,52.80%,±0.2,"35,214",±295,51.10%,±0.4,"32,084",±359,56.20%,±0.5,"33,071",±541,55.20%,±0.9,"30,178",±821,54.20%,±0.8,"50,137","±1,345",54.10%,±0.2,"26,697",±163,54.20%,±0.3,"26,395",±285,49.80%,±0.9,"33,876",±971,51.40%,±0.8,"23,264",±665,54.20%,±0.3,"28,724",±266,52.60%,±0.4,"23,976",±231,53.50%,±0.4,"24,210",±279,53.30%,±0.4,"25,171",±355,54.60%,±0.4,"20,620",±277,53.00%,±0.4,"20,837",±302,55.30%,±0.6,"24,142",±452,56.60%,±0.4,"40,017",±512,56.00%,±0.3,"32,944",±430,53.90%,±0.3,"24,780",±175,52.60%,±0.3,"29,337",±334,53.80%,±0.6,"17,966",±371,54.30%,±0.3,"23,979",±249,50.60%,±0.7,"23,474",±587,52.90%,±0.5,"24,710",±438,46.30%,±0.6,"32,175",±578,53.40%,±0.7,"30,793",±811,56.30%,±0.3,"33,062",±412,52.00%,±0.6,"25,430",±552,55.70%,±0.2,"30,277",±219,55.10%,±0.3,"24,565",±270,49.20%,±0.7,"23,048",±641,54.30%,±0.2,"24,226",±163,53.30%,±0.4,"22,375",±341,53.90%,±0.4,"27,661",±416,55.50%,±0.2,"24,177",±204,55.20%,±0.6,"26,415",±815,54.30%,±0.4,"22,771",±373,51.70%,±0.9,"23,403",±745,54.10%,±0.3,"22,575",±330,51.90%,±0.2,"27,210",±200,52.00%,±0.5,"28,266",±688,54.00%,±0.7,"27,302","±1,050",54.60%,±0.4,"33,031",±389,51.50%,±0.3,"32,278",±299,54.10%,±0.6,"19,016",±296,52.60%,±0.3,"25,986",±267,48.60%,±0.9,"27,135",±706,,,,,,,,,,,,,56.80%,±0.4,"9,803",±132,,,,
        Living alone,49.70%,±0.4,"18,943",±245,35.00%,±1.0,"33,873","±1,462",42.40%,±0.4,"26,533",±363,47.80%,±0.5,"18,188",±350,42.90%,±0.2,"30,353",±221,41.80%,±0.4,"28,357",±420,48.10%,±0.5,"28,623",±489,46.70%,±0.9,"26,996",±729,45.50%,±0.8,"44,895","±1,359",46.00%,±0.2,"23,987",±177,47.10%,±0.4,"24,194",±339,40.10%,±0.8,"28,958","±1,154",42.80%,±0.8,"20,731",±552,47.00%,±0.3,"26,061",±212,45.60%,±0.4,"22,246",±194,45.80%,±0.4,"22,190",±235,46.10%,±0.5,"23,292",±353,48.10%,±0.4,"18,867",±298,46.40%,±0.5,"19,050",±329,45.40%,±0.6,"20,707",±393,48.30%,±0.4,"35,808",±470,46.40%,±0.3,"27,259",±334,46.90%,±0.3,"23,070",±169,44.20%,±0.4,"26,015",±243,48.80%,±0.5,"16,833",±316,47.00%,±0.3,"21,921",±186,42.20%,±0.6,"21,149",±452,45.10%,±0.5,"22,481",±416,37.00%,±0.6,"27,919",±639,43.00%,±0.8,"25,675",±657,49.60%,±0.3,"29,700",±384,44.20%,±0.6,"22,936",±554,47.60%,±0.2,"26,295",±198,47.90%,±0.4,"22,437",±233,41.50%,±0.8,"21,082",±561,47.20%,±0.2,"22,237",±140,46.40%,±0.4,"20,670",±302,43.40%,±0.4,"24,397",±448,48.30%,±0.2,"21,942",±159,47.30%,±0.7,"22,907",±799,47.60%,±0.5,"20,990",±366,44.30%,±0.9,"21,600",±595,47.60%,±0.4,"20,786",±308,44.60%,±0.3,"24,916",±239,42.20%,±0.5,"25,359",±591,42.70%,±0.8,"23,225",±734,46.30%,±0.4,"29,728",±400,42.00%,±0.3,"28,489",±315,47.50%,±0.5,"17,741",±282,44.00%,±0.3,"23,261",±267,40.50%,±1.0,"24,554",±929,,,,,,,,,,,,,50.90%,±0.5,"9,196",±126,,,,
        Not living alone,5.40%,±0.2,"38,343","±1,378",9.70%,±0.7,"73,191","±4,575",9.00%,±0.2,"53,448","±1,330",6.10%,±0.3,"36,631","±2,001",9.80%,±0.1,"65,575",±577,9.30%,±0.2,"55,815","±1,602",8.00%,±0.3,"71,361","±2,234",8.50%,±0.6,"58,423","±4,444",8.70%,±0.4,"90,668","±3,514",8.10%,±0.1,"49,710",±793,7.10%,±0.2,"47,457","±1,255",9.70%,±0.6,"66,683","±4,184",8.60%,±0.5,"41,022","±2,381",7.20%,±0.1,"58,417","±1,381",7.00%,±0.2,"43,653","±1,259",7.80%,±0.2,"44,208","±1,870",7.20%,±0.3,"43,006","±1,696",6.50%,±0.2,"40,636","±1,288",6.60%,±0.2,"42,461","±1,773",9.90%,±0.4,"52,036","±1,957",8.30%,±0.2,"74,967","±1,841",9.60%,±0.2,"74,843","±1,421",7.00%,±0.1,"42,296",±907,8.40%,±0.2,"55,897","±1,508",5.10%,±0.3,"37,976","±2,713",7.30%,±0.2,"43,977","±1,147",8.40%,±0.5,"42,937","±2,410",7.80%,±0.4,"43,939","±1,944",9.30%,±0.4,"60,369","±2,376",10.30%,±0.5,"63,013","±2,389",6.70%,±0.2,"76,109","±2,180",7.80%,±0.4,"45,161","±1,956",8.10%,±0.1,"67,071",±937,7.20%,±0.2,"43,890","±1,236",7.60%,±0.5,"40,816","±2,418",7.10%,±0.1,"45,852",±936,6.90%,±0.2,"39,560","±1,425",10.50%,±0.3,"47,956","±1,249",7.20%,±0.1,"52,225",±810,7.90%,±0.5,"58,449","±2,593",6.70%,±0.2,"41,048","±1,474",7.40%,±0.5,"42,361","±3,405",6.50%,±0.2,"40,488","±1,141",7.30%,±0.1,"48,117",±849,9.80%,±0.4,"47,791","±2,413",11.20%,±0.5,"52,069","±2,892",8.30%,±0.2,"61,894","±2,034",9.50%,±0.2,"58,831","±1,491",6.60%,±0.4,"36,520","±2,070",8.60%,±0.2,"47,938","±1,096",8.10%,±0.7,"53,096","±4,390",,,,,,,,,,,,,5.90%,±0.3,"22,183","±1,215",,,,
    Male householder,44.90%,±0.4,"29,869",±519,55.40%,±0.9,"48,275","±2,301",48.50%,±0.3,"37,342",±506,46.10%,±0.5,"26,711",±392,47.20%,±0.2,"47,524",±327,48.90%,±0.4,"40,928",±439,43.80%,±0.5,"47,360",±855,44.80%,±0.9,"43,616","±1,319",45.80%,±0.8,"59,920","±2,111",45.90%,±0.2,"36,204",±273,45.80%,±0.3,"35,870",±402,50.20%,±0.9,"45,607","±1,458",48.60%,±0.8,"32,039",±643,45.80%,±0.3,"40,510",±308,47.40%,±0.4,"34,010",±428,46.50%,±0.4,"33,483",±544,46.70%,±0.4,"34,041",±493,45.40%,±0.4,"28,330",±521,47.00%,±0.4,"31,590",±413,44.70%,±0.6,"32,144",±651,43.40%,±0.4,"51,473",±502,44.00%,±0.3,"45,149",±724,46.10%,±0.3,"33,659",±334,47.40%,±0.3,"39,335",±477,46.20%,±0.6,"25,856",±555,45.70%,±0.3,"32,480",±332,49.40%,±0.7,"31,017",±607,47.10%,±0.5,"33,399",±541,53.70%,±0.6,"42,257",±751,46.60%,±0.7,"43,009","±1,283",43.70%,±0.3,"49,464",±715,48.00%,±0.6,"31,539",±665,44.30%,±0.2,"42,440",±280,44.90%,±0.3,"32,588",±403,50.80%,±0.7,"33,187",±800,45.70%,±0.2,"32,906",±327,46.70%,±0.4,"30,323",±335,46.10%,±0.4,"34,852",±646,44.50%,±0.2,"35,418",±267,44.80%,±0.6,"40,111","±1,150",45.70%,±0.4,"31,358",±439,48.30%,±0.9,"31,850",±663,45.90%,±0.3,"30,618",±357,48.10%,±0.2,"37,092",±297,48.00%,±0.5,"39,770",±845,46.00%,±0.7,"35,803","±1,080",45.40%,±0.4,"46,097",±607,48.50%,±0.3,"43,030",±514,45.90%,±0.6,"25,071",±471,47.40%,±0.3,"35,962",±415,51.40%,±0.9,"38,141","±1,215",,,,,,,,,,,,,43.20%,±0.4,"12,443",±236,,,,
        Living alone,37.60%,±0.4,"27,047",±469,41.50%,±1.1,"41,055","±1,478",37.10%,±0.4,"32,413",±405,37.90%,±0.5,"24,082",±570,34.60%,±0.2,"40,394",±233,37.20%,±0.3,"36,095",±498,34.50%,±0.5,"41,382",±620,34.00%,±1.0,"38,655","±1,052",35.20%,±0.7,"49,451","±2,784",35.20%,±0.2,"31,665",±264,36.10%,±0.3,"32,355",±382,38.20%,±0.8,"40,259","±1,244",36.20%,±0.8,"28,118",±847,36.60%,±0.2,"36,177",±323,37.60%,±0.3,"31,268",±322,36.30%,±0.4,"30,316",±405,37.00%,±0.4,"31,256",±424,37.40%,±0.4,"25,396",±544,38.20%,±0.4,"27,988",±645,33.10%,±0.6,"26,421",±543,33.60%,±0.4,"45,690",±663,33.30%,±0.3,"37,634",±697,37.10%,±0.2,"30,944",±266,36.40%,±0.3,"34,505",±480,38.60%,±0.6,"23,555",±770,36.30%,±0.3,"29,233",±399,38.40%,±0.8,"27,111",±681,37.60%,±0.5,"30,650",±403,39.80%,±0.6,"35,382",±909,34.00%,±0.7,"36,652","±1,056",34.80%,±0.3,"42,362",±442,38.50%,±0.7,"28,240",±816,34.50%,±0.2,"36,460",±317,35.40%,±0.3,"29,711",±464,40.60%,±0.7,"30,439",±609,36.90%,±0.2,"30,046",±269,37.80%,±0.4,"27,445",±409,33.70%,±0.4,"29,822",±733,35.70%,±0.2,"31,687",±253,34.60%,±0.7,"34,425","±1,420",37.00%,±0.4,"28,085",±643,39.10%,±0.8,"29,355",±951,37.20%,±0.3,"27,435",±415,38.00%,±0.2,"33,251",±350,35.30%,±0.7,"34,439",±760,33.40%,±0.8,"30,370",±810,34.80%,±0.3,"41,157",±473,36.10%,±0.3,"37,449",±500,38.20%,±0.6,"22,736",±622,36.70%,±0.2,"31,883",±341,40.50%,±1.0,"34,159","±1,198",,,,,,,,,,,,,37.00%,±0.5,"11,461",±233,,,,
        Not living alone,7.30%,±0.3,"44,233","±1,417",13.90%,±0.8,"77,969","±5,176",11.40%,±0.3,"57,171","±1,536",8.20%,±0.3,"42,390","±1,715",12.70%,±0.2,"71,885",±813,11.70%,±0.3,"61,100","±1,357",9.40%,±0.3,"78,393","±2,097",10.80%,±0.6,"66,013","±3,071",10.70%,±0.5,"109,060","±4,365",10.70%,±0.2,"55,624",±793,9.70%,±0.2,"52,636","±1,177",12.00%,±0.6,"73,811","±5,218",12.40%,±0.6,"44,937","±2,473",9.30%,±0.2,"62,415",±984,9.80%,±0.2,"49,004","±1,299",10.20%,±0.3,"50,820","±1,018",9.70%,±0.4,"47,370","±1,429",8.00%,±0.2,"45,489","±1,329",8.80%,±0.3,"49,785","±1,399",11.60%,±0.5,"53,482","±2,881",9.80%,±0.3,"76,838","±1,920",10.70%,±0.2,"78,699","±1,314",8.90%,±0.2,"48,040",±873,11.00%,±0.3,"61,997","±1,396",7.60%,±0.3,"40,411","±2,012",9.40%,±0.2,"49,495","±1,257",11.00%,±0.6,"48,670","±1,365",9.50%,±0.4,"51,303","±1,860",13.90%,±0.5,"66,419","±2,159",12.70%,±0.5,"70,883","±3,662",8.80%,±0.2,"82,963","±1,820",9.60%,±0.5,"47,285","±2,007",9.80%,±0.1,"72,575","±1,043",9.50%,±0.2,"48,096","±1,209",10.20%,±0.7,"51,765","±3,363",8.80%,±0.2,"51,448",±766,8.90%,±0.3,"44,549","±1,321",12.40%,±0.3,"53,386","±1,770",8.80%,±0.2,"57,737","±1,126",10.20%,±0.6,"65,247","±3,101",8.80%,±0.3,"48,436","±1,621",9.20%,±0.6,"51,198","±3,315",8.70%,±0.2,"46,564","±1,387",10.10%,±0.1,"54,155",±769,12.60%,±0.6,"56,331","±3,195",12.60%,±0.7,"54,690","±2,195",10.60%,±0.3,"68,816","±1,364",12.40%,±0.3,"65,005","±1,379",7.60%,±0.3,"37,728","±2,442",10.70%,±0.3,"54,382","±1,114",10.90%,±0.7,"57,894","±5,148",,,,,,,,,,,,,6.30%,±0.3,"21,860","±1,470",,,,
PERCENT IMPUTED,,,,,,,,,,,,,,,,,,,,,,,,,,,,,,,,,,,,,,,,,,,,,,,,,,,,,,,,,,,,,,,,,,,,,,,,,,,,,,,,,,,,,,,,,,,,,,,,,,,,,,,,,,,,,,,,,,,,,,,,,,,,,,,,,,,,,,,,,,,,,,,,,,,,,,,,,,,,,,,,,,,,,,,,,,,,,,,,,,,,,,,,,,,,,,,,,,,,,,,,,,,,,,,,,,,,,,,,,,,,,,,,
    Household income in the past 12 months,27.60%,(X),(X),(X),22.90%,(X),(X),(X),27.60%,(X),(X),(X),26.60%,(X),(X),(X),28.30%,(X),(X),(X),22.50%,(X),(X),(X),27.90%,(X),(X),(X),28.50%,(X),(X),(X),29.10%,(X),(X),(X),29.90%,(X),(X),(X),31.00%,(X),(X),(X),30.30%,(X),(X),(X),23.40%,(X),(X),(X),28.40%,(X),(X),(X),24.20%,(X),(X),(X),22.80%,(X),(X),(X),22.40%,(X),(X),(X),24.40%,(X),(X),(X),31.20%,(X),(X),(X),22.00%,(X),(X),(X),26.10%,(X),(X),(X),29.60%,(X),(X),(X),26.20%,(X),(X),(X),21.80%,(X),(X),(X),30.80%,(X),(X),(X),26.20%,(X),(X),(X),25.90%,(X),(X),(X),22.40%,(X),(X),(X),27.60%,(X),(X),(X),26.40%,(X),(X),(X),29.80%,(X),(X),(X),26.70%,(X),(X),(X),32.10%,(X),(X),(X),26.80%,(X),(X),(X),24.80%,(X),(X),(X),24.20%,(X),(X),(X),25.70%,(X),(X),(X),22.50%,(X),(X),(X),26.80%,(X),(X),(X),31.10%,(X),(X),(X),30.60%,(X),(X),(X),21.40%,(X),(X),(X),26.60%,(X),(X),(X),27.40%,(X),(X),(X),23.60%,(X),(X),(X),24.40%,(X),(X),(X),25.20%,(X),(X),(X),21.50%,(X),(X),(X),27.50%,(X),(X),(X),24.20%,(X),(X),(X),21.60%,(X),(X),(X),,,,,,,,,,,,,22.30%,(X),(X),(X),,,,
    Family income in the past 12 months,28.20%,(X),(X),(X),23.40%,(X),(X),(X),27.90%,(X),(X),(X),27.10%,(X),(X),(X),28.90%,(X),(X),(X),22.50%,(X),(X),(X),28.60%,(X),(X),(X),28.70%,(X),(X),(X),32.90%,(X),(X),(X),30.00%,(X),(X),(X),31.80%,(X),(X),(X),31.40%,(X),(X),(X),22.80%,(X),(X),(X),29.10%,(X),(X),(X),24.00%,(X),(X),(X),22.20%,(X),(X),(X),22.10%,(X),(X),(X),24.30%,(X),(X),(X),32.30%,(X),(X),(X),21.80%,(X),(X),(X),26.80%,(X),(X),(X),30.10%,(X),(X),(X),26.20%,(X),(X),(X),21.60%,(X),(X),(X),31.60%,(X),(X),(X),26.40%,(X),(X),(X),26.10%,(X),(X),(X),22.30%,(X),(X),(X),27.90%,(X),(X),(X),26.00%,(X),(X),(X),30.30%,(X),(X),(X),27.90%,(X),(X),(X),33.60%,(X),(X),(X),27.30%,(X),(X),(X),24.80%,(X),(X),(X),24.20%,(X),(X),(X),26.10%,(X),(X),(X),22.50%,(X),(X),(X),27.00%,(X),(X),(X),31.80%,(X),(X),(X),31.20%,(X),(X),(X),21.80%,(X),(X),(X),27.00%,(X),(X),(X),28.10%,(X),(X),(X),22.90%,(X),(X),(X),23.90%,(X),(X),(X),25.30%,(X),(X),(X),21.40%,(X),(X),(X),28.10%,(X),(X),(X),23.90%,(X),(X),(X),22.10%,(X),(X),(X),,,,,,,,,,,,,23.70%,(X),(X),(X),,,,
    Nonfamily income in the past 12 months,25.20%,(X),(X),(X),19.90%,(X),(X),(X),25.30%,(X),(X),(X),24.10%,(X),(X),(X),24.30%,(X),(X),(X),21.20%,(X),(X),(X),25.00%,(X),(X),(X),26.20%,(X),(X),(X),25.40%,(X),(X),(X),28.20%,(X),(X),(X),28.00%,(X),(X),(X),25.00%,(X),(X),(X),23.10%,(X),(X),(X),25.40%,(X),(X),(X),23.40%,(X),(X),(X),22.60%,(X),(X),(X),21.50%,(X),(X),(X),23.20%,(X),(X),(X),27.40%,(X),(X),(X),20.90%,(X),(X),(X),22.80%,(X),(X),(X),27.40%,(X),(X),(X),25.00%,(X),(X),(X),20.70%,(X),(X),(X),27.40%,(X),(X),(X),24.30%,(X),(X),(X),24.10%,(X),(X),(X),21.50%,(X),(X),(X),25.10%,(X),(X),(X),25.30%,(X),(X),(X),26.80%,(X),(X),(X),22.80%,(X),(X),(X),27.60%,(X),(X),(X),24.40%,(X),(X),(X),24.00%,(X),(X),(X),23.00%,(X),(X),(X),23.40%,(X),(X),(X),20.90%,(X),(X),(X),25.30%,(X),(X),(X),28.80%,(X),(X),(X),27.90%,(X),(X),(X),19.70%,(X),(X),(X),24.30%,(X),(X),(X),24.10%,(X),(X),(X),23.50%,(X),(X),(X),23.70%,(X),(X),(X),23.60%,(X),(X),(X),19.90%,(X),(X),(X),24.80%,(X),(X),(X),23.40%,(X),(X),(X),19.10%,(X),(X),(X),,,,,,,,,,,,,15.80%,(X),(X),(X),,,,
